No but that's so cute. Atsu was probably shy about photos before but cherry helped her out uwu	0
I saved him after ordering him to risk his life. I didn't panic but stayed calm and rescued him.	6
In wake of fresh #terror threat and sounding of alert in #Mumbai, praying for safety &amp; security of everybody in the city #Maharashtra #news	2
It‚Äôs possible changing meds is best not done while under stress. Difficult to tell what part of despair is circumstantial, what is drugs.	1
I have a rage rage ep 2 coming out soon I'll keep you posted on it #YouTube #youtubegaming #rage	3
All this from a cigarette burning in Laura's hand, the angle of her chin, the purse of her lips.'(104) Gorgeous transition!@laurengrodstein	8
Manchester derby at home 	0
her; i want a playful relationship\nme; *kicks her off the couch*	0
so gutted i dropped one of my earrings down the sink at school	1
@Montel_Williams If this ban goes through, it will harm so many people, disabled veterans, people who have #chronicpain,  #iamkratom	4
Happy birthday to Stephen King, a man responsible for some of the best horror of the past 40 years... and a whole bunch of the worst.	0
Tears and eyes can dry but I won't, I'm burning like the wire in a lightbulb	3
@antoboyle I so wish you could someday come to Spain with the play, I can't believe I'm not going to see it #sad	1
should I #start posting #photos?	5
Thank you disney themed episode for letting me discover how amazing the @BlackishWriters are! #hilarious	0
@RadioX @ChrisMoyles wow. not heard this in forever. Random but. great #sting #xph	0
@PatBlanchfield so you mean ‚Äúlike Uber but for despair for someone other than the driver'	4
May the optimism of tomorrow be your foundation for today.	6
@andreasarahco do you actually heely on campus bc this should scare you	2
Omg I actually thought she was going to jump. #bully #SouthPark20 #southpark	5
Happy Birthday, LOST! / #lost #dharmainitiative #12years #22september2004 #oceanic815	0
#FF \n\n@The_Family_X \n\n#soul #blues &amp; #rock #band\n\n#music from the #heart\n\nWith soul &amp; #passion \n\nXx üé∂ xX	0
@HMiglino @CParks777 @Coco_Wms @bodyfit67 @TruthEqualsFact @politicususa I have never been more anxious of a election in my life‚ÄºÔ∏è 	2
After what just happened. In need to smoke. 	3
Joes gf started singing all star and then Joe got angry and was all sing it right and started angrily singing it back at her	3
That old lady is cray cray #scared #BellaIsSoCute #awe #Empire	2
hi my names anxiety and i have shaun	2
On the bright side, my music theory teacher just pocket dabbed and said, 'I know what's hip.' And walked away üòÇüò≠	0
#ahs6 every 5 minutes I've been saying 'nope nope I'd be gone by now.' 'MOVE' or 'GTFO' so thank you for the 	3
Summer officially ends today. #sadness	1
final vestiges of my 90's childhood were just dashed on the shoals of hearing a house cover of Tracy Chapman's 'fast car' at the dayjob	1
I was not made for this world. #empath #unhappy	1
#chirp look out for them Cars coming from the Wesszzz	5
finally leaving my first job soon. i've been working here since i was 16. going to be kind of bitter sweet	1
Hope I sleep - no nightmare of Bakewell tarts #yuk  #GBBO	2
will brawndo cure my depression? @MikeJudge #Idiocracytoday	1
Why is it that we rejoice at a birth and grieve at a funeral? It is because we are not the person involved. ‚Äï Mark Twain	6
@Rovers what highlights ? I would imagine you will only have 30 seconds of highlights for the whole season so far . #venkysout	5
@KennyCoble @Rosie these horrific situations will only get worse if trump is elected. vote Hillary.	2
@Tomstarling86 He didn't have many chances to show what he can do but looked lively and had a good shot tipped over the bar before the end.	0
in health we did a think about depression and now i feel like i have it	1
@D_McMenemy It'll be easy to spot the parade of tiny weans in expensive jammies. Really is hilarious!	0
Muscled man with huge heart is messing with my brain and heart. #lost #confused	1
@Courteoussoul @MattyMcDee I'm at 349 and just decoded 20 or more blues and not one was over 340, where you getting your blues?	5
@MannersAboveAll *laughs louder this time, shaking my head* That was really cheesy, wasn't it?	0
@LeafyIsHere will showing off biceps scare you?	2
@TeamGrout glee	0
courage the cowardly dog is like american horror story for kids	2
This is awful	4
Gloriosa Bazigaga on #Rwanda work: 'I lost relatives in genocide but 15 yrs of peacebuilding has given me optimism it's within our power'	6
Texans and Astros both shut out tonight. Houston, we're back to normal. #texans #Astros #sadness #losers	1
@CesarSampao @thisisbolton don't get me started on town centre. Used to go every week.... not been for 18 months 	1
@alliex both, scrap *ll the rage instead	3
I think they may be #offended	5
The point of living, and being an optimist, is to be foolish enough to believe the best is yet to come' - Peter Ustinov #optimism #quote	6
Mate the thing I get excited about in my profession are mad. A client said she opened her bowels, I'm rejoicing	0
I'm such a shy girlüôÑ	1
@Mickeyplyler @QualkTalk the refs are in GT's favor tonight. 	0
Does Bret have a point? Cena, Balor, sting...	5
I told my chiropractor 'I'm here for a good time not a long time' when he questioned my habits and yet again I have unnerved a doctor	6
@niceoneWern @Alotta_Pain the gleesome threesome	0
induction day tomorrow for pizza express #nervous	2
@SMalloy_LWOS that's not easy to blow up the LT on a run play. He created the seam for Sua to burst through	0
@DipstickDipper \n'It's alright!' She said cheerfully trying to make the moment fun	0
@kencurtin they might get Donal √≥g sure! They won't have him in cork as he's to fiery for dopey frank &amp; his cult	3
@SeanUnfiltered Texans are scared of this bunch! 	2
Now that @Jasmine_Wrn has snapchat back it's a constant battle to see who can get the ugliest snap of one another üòÇüôÉ #snap survival	0
@LiamCannon1 He's just too raging to type properly... Ha ha!	3
i have so much hair it's a nightmare but it's also very soft so it guess it's a win-lose situation	6
One step forward, two steps backward, the link to RogerFedererShop doesn¬¥t work.üò∞ I am losing hope about Roger Federer new Website #sadness	1
The Pats are awesome. Belichick is awesome ...they just are. 	0
Don't join @BTCare they put the phone down on you, talk over you and are rude. Taking money out of my acc willynilly! 	3
Now #India is #afraid of #bad .	2
HMS Pinafore' time.\n\nI need some mirth.	0
if Man U lose i may actually have a nervous breakdown	2
@thehill George H. Establishment is unhappy Trump's campaign branded his son low-energy, but he could not have beaten the others either.	4
B day next week, catch the sauce and watch the heaviness!	0
Carry on my wayward son, there'll be peace when you are done. Lay your weary head to rest. Don't you cry no more. #Supernatural	6
@ImJim_YoureNot  cyber bully	3
@CNN bully	3
Hannah: 'This week on Survivor: Find out who is more buoyant. Gen X or Millenials!' #survivor	5
Well stock finished &amp; listed, living room moved around, new editing done &amp; fitted in a visit to the in-laws. #productivityatitsfinest #happy	0
#India right of reply at #UNGA - #Pakistan preaching of human rights is by a country which is itself the global epicentre of 	4
Did we miss the fact that #BurkeRamsey swung &amp;hit his sister #JonBenet in the face with a golf club previously out of a fit of ?	3
The bounty hunter things a bit lively	0
@WriterlyTweets Supine on the piano‚Äîlips parted. #sixwordstory #amwriting #blues #singer	0
@punjabified porkistan lost terribly in 65 because of american intervation to talk we stopped	4
7 pax enjoyed the #gloom @Clayorangecrush @F3LakeMurray	0
Dehydrated, exhausted, stressed but still blessed. #optimism	6
JV girls earn the W vs Stonington 2-1 today. Goals by K Waite and S Winakor. @DeluciaAlexis 1 assist. @mhseccathletics 	5
Lunatic Asylum: The place where optimism most flourishes.	6
Damn gud #premiere #LethalWeapon...#funny and #serious	0
and claimed that all of the same things could scare us\nbut we were tough because of ancestry	2
It appears my fire alarm disapproves of my cooking style	1
We're going to get City in the next round for a revenge.	3
Watch this amazing live.ly broadcast by @iamjustinburke  #musically	0
How I Murdered Your Mother #SpookyTv 	2
alternate reality where @PoetryFound has a comments section and you can give poems a cheery thumbs up or a disappointed thumbs down	1
I'm literally never home and my parents threaten to charge rent if I don't start cleaning the house everyday. OK.	2
@RogueCoder250 We are in so much trouble!! I don't think the Rev will see the funny side of our project. #nervous	2
@MagicalMunicorn May I suggest, that you have a meal that is made with beans, onions &amp; garlic, the day before class. #revenge	3
I'm just tryna watch horror movies and nap all day	2
As I remember and reflect on Reginald Denny on a night much like this (like #Charlotte) I think to myself, the gun lobby must be rejoicing.	0
@johnaugust @clmazin I was so looking forward to @ABCDesignated. Then it opened with a #stuartspecial. I literally yelled at my tv. #umbrage	3
something about opening mail is just...very pleasing	0
I base when it's going to rain here off of brills snap stories.	5
Obama admin rejects Texas plan to have refugees vetted for terrorism so Texas pulls of of fed refugee resettlement program. Aiding #terror.	2
@GCC_DiscGolf lost my xt nova around hole 8 or 9 #sadness	1
@SloanTheOtaku Betelgeuse/Sloth was lively, dedicated and tenacious, Regulus/Greed is humbly content and Ley/Gluttony is starving hungry.	1
@shopgreenwich #ldf16 what shall we do this weekend?  #spraypainting in #greenwichmarket with @SNUB23 #core246 #lilylou #fret &amp; #benoakley	0
@The_Nasty_P now you gotta do that with fast n furious	3
I refuse to be a chirp chirp girl	4
@HillaryClinton Yeah U gotta make them HEEL. I know U need their votes so U have to wait. But when U LOSE-they're really in for your wrath !	5
@97_aleix having a terrific game and not at all fazed #MCFC	0
My house isnt always a mess but when it is, its when i have friends coming #mess #serious #twitter #problem #like #friends #filthy #home	4
Reflection: the grind has been so REAL! Working 2 jobs &amp; being in school. #ksudsm #ksu #recruiter #instructor #tumble #cheer #gradschool	0
@TweeriaLee A stumbling block to the pessimist is a stepping stone to the optimist.	6
Listening to Joey really helps me and my anger.	6
Another joyful encounter in Tribez &amp; Castlez! I just met Bartolomeo! Do you want to know who that is? Download the game and find out!	0
@Bwana86 I can fear that someone is always following me everywhere I go. Does that make it true??	2
@BoudicaRides @realkingrobbo Isn't that exactly what they should do? What took so long? He is more #afraid of #ClintonMafia than #Congress	2
Got a $20 tip from a drunk Uber passenger. Today I get a $25 parking ticket. I'd blame karma but my dumb ass forgot to pay the meter. 	3
@BrandedByCas I was like that when I started college. It was horrific but it probably will get better. Don't give up yet	6
Did you know I specialise in #anxiety  and #panic attacks? Get in touch for all of my solutions for you. #Coventry	2
@HMiglino @CParks777 @Coco_Wms @bodyfit67 @TruthEqualsFact @politicususa I have never been more anxious of a election in my life‚ÄºÔ∏è #fearful	2
@mark_slifer actually maybe we were supposed to die and my donation saved our lives?? #optimism	6
Sky news still pushing the Brexit gloom line, managing to ignore the fact it's simply not happening. 'But in the future.....'	4
@Nataliem55 sadly, war has often been the factor that jump starts US economic growth	1
‚ÄúHe who is slow to anger is better than the mighty, And he who rules his spirit than he who takes a city.‚Äù\nP16:32 #bibleverse #pride 	6
$8 million in box office doesnt do this movie justice. Political or not, #SnowdenMovie is a terrific thriller and love story. @Snowden	0
I'm girly in the sense that I always have lashes &amp; nails done but tomboy in the sense that black is my only color &amp; refuse the ruffle life	0
It's not that the man did not know how to juggle, he just didn't have the balls to do it.\n#funny #pun #punny #lol #hilarious	0
@jaymohr37 droop saw naked wrestling and asked 'What if I get a hole in one?' #jaymohrsports	0
@FoxNews Very thought provoking &amp; leads one to question what really happened.Very sad for all.	1
‚ÄúWhat worries you masters you.‚Äù - Haddon Robinson @ChoGMinistries #Jesusisthesubject #worry #anxiety #anxious	2
i had an hour of football practice under the boiling sun and now i have 2hr volleyball practice under the BOILING SUN AGAIN	3
That's how you start a season that's how you open the show #show #them #how #dark #hell #can #get #Empire	6
Might just leave and aggravate bae	3
@missmeliss465 @WellWeds @siggyflicker @whispernghope @mcrichard awe I feel so bad being naive ou is the worst	1
Rooney = whipping boy. #mufc #sad	1
@zinabukvic_ cheer up	0
@GreggDoyelStar I'm sure you'll have a heyday if they do	6
@BeeTuppy We're sorry to hear about the issues and how this is making you feel. We don't like to hear our customers being unhappy :-( We	1
it didn't impress me but it didn't depress me'	1
Leave it on there, rule,nimber 1 of carpet cleaning!!!  #worsethananatomicbomb #accidentlyspillbeeronthecarpet	4
Amateurs sit and wait for inspiration, the rest of us just get up and go to work.' -- Stephen King #authors #serious #writingtip	6
Is there a perfume that smells like the smell of smokey incense because i would be all about that	0
@NJDDanin123 I personally liked #relentless ‚Ä¶didn't get #OurHouse #OneJersey #werealldevilsinside \nDoes nothing till a puck drops #NJDevils	1
#panic Panic attack from fear of starting new medication	2
@OniLink86 @DarekMeridian lmao awe...  #sad	1
So drunk me hid my keys very well sober me couldn't find it anywhere	1
@LoriAlan1 Seriously. Digging those eyebrows. #animated	0
Watch this amazing live.ly broadcast by @footballrocks123456  #musically	0
@vladfucker69 i look rabid	4
Why are all of these people leaving Blizzard??? D: It's giving me a frighten!	2
@_Briannax33 @TheFunnyVine @MarielaLynn_ @karengutiii_ gotta shake the booty instead though, makes sure it's all good üôÇ	0
Watch this amazing live.ly broadcast by @huntermcaseyy  #musically	0
@MichaelSalfino It still destroys Fear The Walking Dead. That show is horrible	4
@twojacksdetail @bluelivesmtr Very rare an officer just shoots without regard. They don't want that on their conscience. #incite 	3
WHY TF DO BROKE BOYS KEEP TRYNA FIND GF's? GET UR FUCKIN $$$ RIGHT B4 I SMACK YO BITCHASS, she deserves 2be happy &amp; u don't deserve that ass	3
I'm moving this weekend &amp; my sugar daddy will replace it so, it is what it is. Niggas still happy.	0
@davidplotz @Commentary She writes with sort of the same playful cynicism that you do! :)	5
I am #real #sjw, I will not let #america down\nI have found us, now go and get us\nI let it out and I let it in\nI #rage I #lol\n@SergioSarzedo	3
@OstinOng YUUUHH üôÑüò≠ plus clin ep and prevmed ugghhh hahaha 	0
Rooney = whipping boy. #mufc 	0
Praying for the #Lord to keep #anger #hate #jealousy away from your heart is a sign of #maturity #conciseness	6
@l1ght__eyes u tried boiling em takes years too	1
@MagicAndFangs 'Just by getting lost! I don't want to see you in my eyes!' Hungary huffed and crossed her arms, looking away angrily.	3
On the last episode of #MakingAMurderer poor Brendan glad they #appeal it #shocking #crime #documentary #reallife	9
@macmacm43 jeezus God 	0
I need some to help with my anger	3
Tho we haven't talked Jeff but the news is so sad and shocking. R.I.P Jeffrey	1
Look at us, smiling in the photograph‚ô™ You can see the secrets behind the fake smiles‚ô™ (*„Éªœâ„Éª*) (¬©FACT„Äåa fact of life„Äç)	0
We have left #Maine. #sadness	1
@MarkedMurderer Orion's eyes narrowed as he gazed down at the girl, ice cold blues meeting a softer than usual green. His instinct told him-	5
@bodwell_james did it not just enliven your soul	0
i was angry.	3
Sometimes I think the British political landscape is desolate and then I look over at the foaming wasteland of the US and think we're OK	6
I'm afraid she's the goat you libeling people? #afraid #goat #libeling	2
@mcauley_ross rojo is awful	4
And here we go again üòì #restless	1
Asian Tiger #Mosquitoes are so relentless. More aggressive than the kind I dealt w/as a kid.	3
Glad I didn't watch smackdown because I can't see my men @JasonJordanJJ @WWEGable lose. #sohurt #revenge	3
Just caught up with @RichardEGrant's wonderful new series on #EalingComedies. Infectious delight in every interview and film clip.	0
Need good vibes for my doctors appointment tomorrow! #nervous	2
I wonder what would happen if I were to tell some people the truth #savage #uhoh 	5
We so elated, we celebrated like Obama waited until his last day in office to tell the nation, brothers is getting their reparations	0
@almurray hit the sink with a hammer... sorry, the universal modifier!	1
@SeanLTheWriter Agree 100%... B. Marshall another concern... would much rather he rested this game...	2
@joey_coops yes Hun! Avoid at all costs!! 	3
When a grown adult doesn't drink or has never drank before I just assume they were raised around a raging alcoholic and they want no parts.	6
I mourn the creativity lost.	1
@MetPoliceFC is it true none of your players are cops? Do they drink chilled bitter? Are your players Walter Mitty types? @KeviboyAllen	4
Think of #anger as this barrier between you and your truth.' @laurascoe	3
New play through tonight! Pretty much a blind run. Only played the game once and maybe got 2 levels it. #Rage 	3
@MrsTaraX @PlateGotAte YES! I am rejoicing	0
‚ÄúCompetition is suppose to motivate you to do better everytime not to be bitter all the time‚Äù -De philosopher DJ Kyos \n#quote #success #CSGO	6
Have to say that third City kit is fucking awful. Someone at Nike wants shooting.	3
@imjustatrankk awe yay wish i could rt /:	0
#Anger or #wrath is an intense emotional response.	3
I'm at the point in my life that I'm playing Christmas music in my room because i need winter and joyful times rn	0
Mom you remember when Narley died? You cried like a baby! 	1
@Gen_Ironicus Musicians have a superstitious dread of crossing highway 69, true story	2
second day on the job and i already got a 45 dollar tip from a dude whose was constantly twitching his eye LOLOLOL 	0
10 page script due Friday for class. Who said I could do this MFA thing? #panic #GradSchoolProblems #someonetelltinafeytohireme	2
@stevie7t Why does talksport sound like it's being broadcasted from someone's basement  #quality #amateurs	4
@FoRDaYS14 üò≥ chewing what?  #arcdental #turlock	4
Harking back to 2012 - DT's challenge to @POTUS...I will give...DT a hearty thank you...if he will release his tax returns....	0
@Blewberry02CP Content updates provoke that income.	0
@SalmonDelicious @bigdickkishibae I lost it at 18. Like, really not a big deal. Don't worry about trivial shit like that.	6
I should have stayed at home.	4
First College Math Test tomorrow #nervous	2
@jonnyp_43 @MedicNow like going to a so called cardiac arrest that turned out to be a cut finger!  #medchat	4
@MHChat Childood experiences can  leave you with permanent deep sadness as adult  it can underlie everything #MHChat	1
You forever straight so fix that frown u goodüòá @amayyaaag__	0
@latenightdaryun pfft, as if anyone undergoing the constant ongoing horror of sapient consciousness has any trust in themself anyway	2
I guess #bradangelina &gt; #anger &gt; #blacklivesmatter	3
Maybe the entire Russian team will test positive for meldonium and the North Americans will get to replace them #optimism	6
Headed to MDW w/ layover in SLC. Got off for food. Wrong move. Bailed on my food &amp; barely made it. @SouthwestAir #WannaGetAway #Contest #sad	1
Do not grow weary in doing good.'\n\n-@billclinton	6
Time to go hit up the library - I have a lovely PILE of book reservations to collect this morning... #glee #books #reading	0
#BB18 Michelle crying  again #shocking #bitter He's  just not that into you üò¢#TeamNicole	1
Let's get drunk and tell each other things we're afraid to say when we're sober.	5
What day is it #lost	1
@SeanUnfiltered Texans are scared of this bunch! #intimidated	2
@Ms_HeartAttack peanut butter takes away the sting	6
No quite sure how Craig Gordon's stayed on the park there !!	5
@1NatalieMaines Can you imagine being the person who has to spray tan him? #shudder	2
@tweet_faver its reaper!! before he became reaper, you can find their stories on the wiki and thru the comics and animated shorts!	0
13 hour @bus rides make me  #sorry	1
I hope my hustle don't offend nobody	5
Rojo is hilarious	0
@torreBe Te gusta American horror story y The walking dead?	2
Newly engaged Stevie Wonder has been trying to disguise #the #awful smell from his throat: with a leather jacket made from a broken Wii.	4
@Virgin_TrainsEC I feel for the conductor tonight, he's obviously taken grief over the last few weeks, he sounds weary of apologising!	1
@JackCurryYES he's just lucky...bad pitchers...#WHATEVER...ElKracken is #legit #future #bright #gottawearshades #LetsGoYankees	0
Or when they hmu on snap, and I'm like.. which one are you. üíÄ	3
Finn singing 'Can't Fight This Feeling' in the shower and Will spying on him is one of the best scenes on any show. 	0
@johnwintertweet dudes who wanna play some bass but not buy a bass (me) rejoice	0
It's finally raining in Ashland, Oregon. We've been parched all summer &amp; fall. The plants &amp; people are rejoicing!	0
It's dark	2
I need all your attention! If I don't I'll pout..	5
I added Paul Walker on Xbox but he just spends all of his time on the dashboard. #dark #humor #funny	0
Changing my hair again 	5
Her charm is liveliness but this is also her weakness.	5
Q&amp;A with N. Christie @westernuHistory: fr. @marybethstart: What would Peter and Dardanella think of us knowing? #poorthings 	1
#Muslims are the principle victims of #terrorism. More Muslims are dying at the hands of these #terrorists than anyone else. #YounusAlGohar	2
@steph_baker7 i tried to turn off my alarm this morning and it turned on all my alarms instead	3
@Cassena13 I know if I wasn't an optimist I would despair.	6
@sundersays made me laugh, that quote. In a sort of rueful way.	0
@skyfootball manchester united...still untrusted iam afraid i might loose my bet	2
TheNiceBot: WSJNordics You make the world a more joyful place. #TheNiceBot #ÿßŸÑÿÆŸÅÿ¨Ÿä	0
To tell the truth and make someone cry is better than to tell a lie and make someone smile. #truth #lie #cry #smile #offalonehugots	6
Apparently all the money in the world can't buy a single person to tell you not give your own waist a hearty two-handed pinch while onstage.	5
75' Tierney reaches a deep cross to the back post and plays it back across but the Alloa defence clear. Celtic relentless here.	1
if you have been on depression too u shouldn't be judging him and exposing him to everyone, but helping him	4
He totally knew about it'. Trump finally gets revenge for his son-in-law's prosecution/imprisonment and throws Christie under the bus.	3
Panda eyed jaunty after watching jaws until late!	0
Contactless affliction kart are the needs must regarding the psychological moment!: xbeUJGB	0
@ITdominiccoyle @IrishTimesBiz Between Barroso going to Goldman and this the @EU_Commission is getting a very serious self inflicted problem	4
Banger sit in 2013 reason why we great doings him alias for why we rejoice in he.: kzfqR	0
Check out @VovimPrgel - From Scotland #gamer #YouTuber #vlogger #designer #animator #artist. TY for following The Wake  #horrorfilm	2
Depression sucks! 	1
@WunderlistHelp are you guys still down? When can we go up? #panic	2
I'm mad at the injustice, so I'm going to smash my neighbours windows'.  Makes perfect sense. #CharlotteProtest 	3
@DMAnthonyJoseph @TheClumpany No grudge. Only truth in abundance.	6
How I Murdered Your Mother #SpookyTv #horror	2
#AutumnalEquinox the nights are drawing in, what a great time to look at putting up some new #lights #dark #showroom #news #wirral	0
Absolutely fuming that some woman jumped into my prebooked taxi and drove off üò°	3
Very depressing seeing my whole fam packing to go on holiday tomorrow and I'm just staying here üôÉ	1
schneiderlin taking his revenge for the 2 fouls	3
Cuddling literally kills depression, relieves anxiety, and strengthens the immune system.	6
@Hails_Berry8 @sajedhariri23 varsity pine riding	0
This has #turned out #better then I expected admitting you tried to #intimidate üòÇüòÇ #cantstoplaughing I really can't and it's in #spokeword	0
@thixotropic No. Was so sudden. Hasn't sunk in yet. With Leo I knew it was coming.	9
Watch this amazing live.ly broadcast by @izzybuzy365  #musically	0
Actually I always idealize the end of my relationships .. Such a pessimist	7
matt and i just did a psychological study on provocation in abusive relationships.	6
@Remedy0_ switch host no bullet rage.	3
@schokokitsune As much as I always eat....so no. -w- \n\nBut I shake all the time, so eeeeh. Maybe I should go see a doctor 'cause of it .w.	2
there are magpies gathering around me help I'm going to be swooped ! 	2
Think Val might be going this week. I'll have to take the rest of the week off work to mourn. I'm sure they'll understand. #GBBO	1
I was cheering for NA team. Now I just want this is over and Gaudreau comes back in one piece. It is getting way too risky	2
Watch this amazing live.ly broadcast by @swagrman_fan #lively #musically	0
@lhbrown1990 @Jimcummingsacme I'm afraid to look!	2
@virginmedia I've been disconnected whilst on holiday üò§ but I don't move house until the 1st October ü§î 	3
Friday is here, and we are open tonight and tomorrow. Get a jump on your Halloween and come play with us. #hauntedattraction #tulsa #haunt	0
Some moving clips on youtube tonight of the vigil held at Tulsa Metropolitan Baptist church for #TerenceCruther #justice  #sadness	1
I feel really nervous, or anxious. Idk. My leg keeps shaking. Hmm	2
@LeePorter94 @DomMcGovern_ hi Dom I saw u at Notts county away, looking for 1 mufc away ticket will pay #blues	1
@Malkarii_ Korgoth of Barbaria for brutality, King Julian for hilarity, and Ariel... Because hot...	4
aaahhhh! a little @OtisRedding to soothe the soul. #music #blues	0
@berniedole looks that way. But let's think about Rohan last week ... #optimism	6
Thinking about trying some comedy on youtube. Always been fond of it. Time to nut up. #laughter #comedy #maybeoneday #hopefullyfunny #LOL	0
@T_newhouse13 as granny would say I don't know how to chirp	7
@RyhenMessedUp goodbye despair	1
Ronaldo has been shocking. He's tried to do skill twice and he's nearly fallen over both times	9
@LoyalLadyMalfoy &lt;‚Ä¢ change them himself. He follows behind with a scowl pinching his lips and takes the sheets to his room. 'So who is ‚Ä¢&gt;	6
I asked Jared to marry me and he said no. 	1
im 16 if you want to see my dick snap/kik me at hiya2247 üòò #kik #kikme #snapchat  #snapme #horny #porn #naked #young	0
@GlobeChadFinn Sadly, not enough names.  The whole farewell tour situation would make me shy away from good value b et.	1
I have another test tonight 	5
Why would Enrique sub off busquet? #hilarious	0
@AlanAlanconway Same it's good but not great.Don't Breathe is the horror film of the month for me. My Fav horror film of the year (so far)	0
We're very busy #coding a whole network manager for #unity3d based on #steamworks networking. #gamedev #indiedev #3amDeadTime  #game	0
i'd let jiho step on my throat but he'd probs be afraid he'd hurt me	2
@The_Boxing_Hub #klitschko @Klitschko over fury any day #boxing	3
@BBHOH #terrible Paul so deserved that win!!! #bbfail	0
It's meant to be!!  	8
procrasting is fun until im an hour away from the time its due and i still havent finished so i have a panic attack	2
Well, this is cheery. #MrRobot	0
Is this the Krusty Krab?\n\nNo this is crippling depression	1
I don't like pineapple I only eat them on pizza, they lose the sting when they get cooked.	4
@ThomasHCrown @laurakfillault As a historic evangelical, I wonder if the Donatists had a point? What dreadful clergy in my fmr. circles.	4
What a sad evening - clearing out all of Harvey's cage and belongings. Now so final. Goodbye my little man.... #depressing	1
It was an #amazing #start to the first #fall  day. Will it be an #Indiansummer	0
Knowing how to cook is invaluable, what's even better is that even in a 400 sq ft place, I have wide and hearty homestyle egg noodles.	0
@HartRamsey #UPLIFT If you're still discouraged it means UR Listening to the wrong voices &amp; looking to the wrong source. Look to the LORD!	6
I get so nervous even thinking about talking to ****** I wanna die	2
Everywhere I go, the air I breathe in tastes like home.' - @The_Currys #restless	1
Watch this amazing live.ly broadcast by @ittzdevin #lively #musically	0
@iAmSJ I'm so mad for our clients I'm furious lmao	3
I swear if @devincameron23 blocks me I'm going to hit her back 	3
Why bother tweeting poor men's? \nWhat good does it do?  If I'm unable to be cheery,  I go quiet.  Missed you,  btw	1
Anger is cheap and politeness is expensive. Don't expect everybody to be polite. #ThoughtfulThursday  #politeness	6
@MegMuphet I wasn't meaning to offend you. I was saying from personal experience. Kids got placed into these classes and they take advantage	6
@RashidAlMaktoum For #serious #intermediaries all required info about #project or #Owner will be mailed.	0
@iSmashFizzle that's me all the time. I carry ginger candy, peppermint oil and sea-bands at all times #anxiety	2
Yo Yo Yo,my name is #DarthVader \nI feel like I need to puff on my inhaler (I'm no rapper but that was some sick bars) #breathless #bars #rap	0
[Moment of levity on the B41] Baby: I want ISIS! Give me ISIS!\nMom: Shh!\nBaby: I want ISIS!\nWest Indian woman: She wants what?\nMom: *Ices*.	5
How am I supposed to intimidate the freshman if half of them are taller than I am??	3
someone kik me @ montanashay_ \n#kikme #snap	5
No sober weekend üôÇüôÇüôÇ	1
So blend the waters lie\nThere shrines and free-  The melancholy waters lie\nNo rays from out the dull tide-  As if the vine	6
I like cycling because I get to intimidate people with my powerful calves &amp; horrendous tan lines.	0
#Jazz - the #blues is the roots, the rest is the fruits	0
I wish I could fast forward 3 months from now, I'll know then where I'm at with my girl, my classes, and basketball. Rn I have pure #anxiety	2
@InfluensterVox @irontekfit I love my #IronTekFit protein shake in the morning before yoga! #ESVoxbox	0
@JonnyOwenFilm @ringsiderobbie1 can you remember that train Sunday after Froch v Kessler ? 	5
Who actually chooses to drink sparkling water ü§î	5
@MLB @JoeyBats19 Sam Dyson is probably having flashbacks right about now. #nightmare	2
I'm so over having anxiety	2
I would just give her with their naked body. #afraid	2
oh yay old scientist builds himself a robot assistant and makes it look like a hot naked woman nothing alarming here	0
@RogueFatale Oh, you insult me! What, you think just because I look like this, I'm psycho? I'm more sane than most Gotham freaks...	3
Update: I have yet to hang out with @MisElizaJane, but I'm still hopeful! #optimism	6
Day 3 of #harvest16 - listening to the sound of the chopper working it's way closer to home at @mountaindairy makes me . #farm365	0
@EAMaddenNFL @EASPORTS I played a game where John Elway was sacked 3x and fumbled all 3x. Is this the same John elway I know of??? 	4
I lost my blinders .... #panic	2
@GolfStrat out of Rory starts. What would your B group look like w/o him? Hideki and Walker, and throw Reed or Knox on the pine?	5
MSM stoking #fear. Please remember the beautiful prayerful protests in Dallas and Atlanta. Smile at a stranger. We make each other strong.	2
@npagliaro1 That's awesome!  p.s. ok, what are the odds of that, swapping neighborhoods? 	0
@EmmaHobbs1 I did that! 3 days later my order isn't even in the same postcode as me #fuming	3
Tip 5: Don't worry about pleasing everyone. #TitanWisdom	6
My interview went well today, I can't wait to find out what happens. #nervous #excited #interview #jobinterview	6
That is at least the 3rd time the balls been burst in our games	4
@AllyTheRipper @ProoF @SpaitoGaming every horror movie that frightened me as a child i.e. 'IT', Halloween movies all of them, nightmare on..	2
@Jen_Lee @mostlymartha @edotwoods we just found thin mints in a freezer clean. i couldn't be more elated.	0
Tomorrow is going to be a challenge, I have to talk at a freshers fair to STRANGERS üòÅand pick up my new flat keys #anxiety	2
@DRUDGE_REPORT @FoxNews good thing the FBI didn't offend them!	6
@eclecticbrotha Thanks, big bro. It's shake and bake and you helped.	0
@Pharah_Amari [Reyes snarled in frustrated anger, steel claws flexing dangerously. But she uttered those damning words, it seems to snap --	3
@jccrocker #CharlotteProtest do u #wait 4 the facts #video or do u #hate now ask questions later #sad #protest #PoliceShootings #suggestions	1
You head north and arrive at a breezy cave. It smells sweet. You glance at your watch; you're running 15 minutes late.	0
A little nose irritation and a little more chills on my body. I'm so not into flu, into flu, into flu #FallSongs	3
People‚Äôs deepest passions often scare them too much to admit, even to themselves.	2
cluck cluck cluck, wolf wolf wolf , chirp chirp chirp is all I ever hear.	5
@laura221b I've left it for my dad to deal with üòÇ My work is done as soon as it's felt the wrath of my slipper üò∑	0
not near my kitchen so unfortunately I cannot do a cooking snap series üç≥	1
I'm so confused by the new American horror story üò©	9
@BraveHermione_ + and gives it to hear] 'Please.. I can tell you anything if you want to listen. maybe you're dont afraid anymore of me +	0
Clash of the titans and wrath of the titans üôåüèæüôåüèæüôåüèæ üî•	0
#tulsa - Police manufacture murder... Wonder why we carry burners...? - MaxLevelz #shake	9
Watch this amazing live.ly broadcast by @brooks_swaggysquad #lively #musically	0
A .500 season is all I'm looking for at this point. #depressing #royals	1
@CrystiCaro yeah agree - I think it was a family member and they covered up #sad	1
i am le depressed i l hate myself xDDdD #sad #depress #loner #emo	1
Just saw lil homie @NICKMERCS rage on cam.  Weren't roids a thing in the late 90's or has it come back? I'm lost...	3
Catering channel's at the height technics hearty enjoyment symptomatize: vrlfEyrN	0
Dear Indians..It is hard to swallow this but for once try to swallow this bitter pill...that is.. Pakistan is number one in Test cricket!!!	6
My roommate talks and laughs in her sleep. It never fails to scare the shit out of me. üôÖüèΩüò≥	2
About 7 weeks till I can pick up my camera again. Though I think there is a group cemetery shoot in october I can make! #photography #horror	2
Paranoia is a fear every races has	2
The weather sure matches the mood in this state today.. #gloomy	1
@Y2JaKe85 yessir. Also cheering for Sweden bc of Lundqvist	0
The bowl on my new food processor broke, @Cuisinart. #sadness.	1
So far ours greet have raised ¬£250 for @HGatChristmas with more to come in #sparkling @CllrJohnFox @simoncotton69	0
@BrianaBanksxoxo I send ya a few #playful nibbles üòâ	0
@AliceGoodman17 i dunno, I'm getting less of the spacious lovely autumnal melancholy from our present apocalypse	7
@easyJet Hi folks. Flight is going to be over an hour late departing from INV (EZY864), how do we go about getting a refund please? 	3
81' Goal scorer Vidar Kjartansson comes off in favor of Dor Micha! Another terrific performance by @Vidarkjartans #YallaMaccabi	0
We're all in D. T. (Discipleship training or detox) for something. #messy  #cutoff #choosefreedom #CryOut16	5
@BoJackHorseman if your depressed and somebody calls you long faced will you still automatically take umbrage?	1
3:45am and off to the hospital! Elouise's waters have gone!  #Labour #LittleSister #superexcited	0
@thetwattickla @NottRihanna lol no it's sparkling wine	0
Argh a big wasp buzzing between my blinds and my window. Halp! #wasp #evil #buzz 	2
@MillieetylerX I thought everyday was a glee day??	0
@thatsabingo grim really	1
You have a #problem? Yes! Can you do #something about it? No! Than why #worry	6
@CazuaL_WeaR @ScottInSC looks like a book shaped like a gun to me #optimism #itsagunalright	6
236:416 While she was in her dull and sleeping hour,\nA crew of patches, rude mechanicals,\n#AMNDBots	7
Indignation: [whispers to date during that terrific Lerman/Letts centerpiece scene] That's his overwhelming sense of indignation.	6
6 might be a serious number, but 10 sounds better. Wild card race!!	5
@KingJames @chrisbosh\n To good hearts I lost my job I'm Responsible 2 families My Information in profile even dollar if can‚Äôt just Re-tweet	1
@TaylaStJames it happens and Vegas isn't the only origin thats prevelant #sadly	1
@JohnVerdejo Mannn I can't count how many times I've had the '#PR's power grid needs some serious updating' conversation...	4
@The_East_End And the air raid alarm was actually false.  There was no attack inbound at the time.	2
@Jay_2752 thank you, I shall mourn her	1
@Chr1sMcLaughlin he's brilliant, lost the joyous plot with us that year. Admits being a fan now after that.	0
penny dreadful just cleaved off a fraction of my heart	1
It was very hard to stifle my laughter after I overheard this comment. It really is amazing in the worst ways.	0
@RealMichaelKay Annoys me to about the Ortiz tribute too, how would the Oriole fans and organization feel if Yanks did that to them? 	3
@DavuuWart this is hilarious !!	0
@TheVulcanSalute , just saw the Save The Day PSA. Why were you in obvious tears doing it? I'd have thought you'd be your cheerful self.	1
My prayers are with the family, friends &amp; members of @VCFD  as you mourn the loss of Engineer Ryan Osler. #LODD #RIP	1
Why does having anxiety drain some much of your energy  #sotired #needtosleepforhours	2
A decent sleep makes Kurt a happy soldier. Spit &amp; polish the converse men. chests out and baseball caps at a jaunty angle.	0
@LmRyle @tomcolicchio @realDonaldTrump @HillaryClinton @ajjaffe I understand your concerns but look at her foundation contributions #worry	2
Standard Candice starting the show with a pout #startasyoumeantogoon #GBBO	0
@HuffPostUK  NO greater wrath than a woman scorned.	3
Don't wanna really go out but I can't say no. Deffo have a fear of missing out	2
18' \nMichael Carrick as struck the back of the net much to the delight of under pressure man u fanz and MOU...	1
Literally dying &amp; living at the same time as I catch up on @adrian_ver 's twitter. If you aren't following him your life is BASIC. #hilarity	0
@corruptmelon now im feeling the #worry	2
When's it all finished, you will discover that it was never random! #thoughts  #CrossoverLife	6
@HillaryClinton evidently @realDonaldTrump feels above #norms. SHOW the #tax return, if you have nothing to #fear	2
@chencouture LMAO Is it that 'so slutty' hater girl? That video was hilarious. üòÇ	0
It's simple I get after two shots of espresso 'Grande, decaf, 130 degrees soy americano with extra foam' #barista 	0
@FraserKeegan just had a steak pie supper 	0
From what I know of the man, I have to assume that @realDonaldTrump has had a heated argument with his own penis. #sad	1
I took a yr off school and I'm proud to say I got accepted again, yo girl is going to finish! #happy	0
Dear everyone at HSSU, stop walking with your phones up so I can smile and wave at you and you can smile and wave back :(	1
Val reminds me of one of the cheerful witches that looks after Aurora in Disney‚Äôs Sleeping Beauty. #GBBO	0
Whenever you are confronted by a wild animal or hostile individual remember that they can smell #fear or the fact you #poop your pants.	2
anxiety level- 100	2
He's mixing it up pretty well..using that slider pretty affective so far #thebabybombers #yankees #offense	0
The #movie Vantage Point makes my palms sweat EVERY time I watch it!!! #nervous üò•üò•	2
When you burst out crying alone and u realize that no one truly knows how unhappy you really are because you don't want anyone to know	1
Watch this amazing live.ly broadcast by @izzybuzy365 #lively #musically	0
Do not despise the Lord ‚Äôs #discipline, do not #resent his rebuke, because the #Lord disciplines those he loves... #Proverbs 3:11-12	6
Close to the end of a revision...taking this story I love in a new direction has been exhilarating for me. #endlesspossibilities #amwriting	0
@AaronRodgers12 You will tell people not to  panic. But let see when was the last year the best QB in the NFL got his team in the SB???	5
I have serious separation anxiety üò≠üò≠üíî	2
@HytheHighborne -Sylvia was elated to receive kisses from the little prince, her bright smile clear as she glanced to Garrett and Elyse- --	0
myself that despite the absolute delight my children and I would feel having a kitten in our home, the misery my husband would feel is more.	0
Best quote from a 7 in German - Almost 	0
At my age all I see is gray. Is it gray because of my bad eyes or my perspective #depression  #healingjustice	1
@GuardianAus @guardian because there is a realistic probability that a clown might be their next president. #clown #uspol 	3
The point of living, and being an optimist, is to be foolish enough to believe the best is yet to come' - Peter Ustinov  #quote	6
Anyway I'm in a car with a furious white men and I have a really funny story to tell when I'm sober üòÇ	0
My nephews n cousins are nowhere near bad guys, but they could be killed @ any moment by a cop that thought they were bc of their color #sad	1
Rear garden alarm activated  at Telford house at 106.4.	9
#rocklandcounty get to ravis in suffern, ny. Great food, new #chef, terrific atmosphere. Say 'twitter' to server and get free #appetizer	0
don't give someone power by letting their words offend you	6
@jessespector @nasboat old rich white religious guy supports republicans. Not shocking at all.	4
@russian906 @kingerpag @dannewton1978 Of have a suspicion it was @lct1975 you know!!	2
I don't think I can go to work tomorrow since val has left #GBBO I need a day to mourn	1
@Its_just_Huong I will beat you !!! Always thought id be gryffindor so this is a whole new world for me üò®üò®üò® #excited #afraid	2
People will talk, words will sting, but how you handle that is what differs you from them. Be like them or change the culture?#BeDifferent	6
Watch this amazing live.ly broadcast by @evanhufferd  #musically	0
It's my last week at CN! I'm gonna be sad to leave, but this will also be my first planned break since going into animation!	1
Do not be discouraged by a slowing sales market. This will test your business model and pinpoint #strengths and #weaknesses.' @Ken_Dunn	6
@BigBossPeltonen \nLikewise #death #cutting 	4
@jwolfie_ why you gotta use the dark skin emoji #offended	3
#2 complained then while his head and then called do not despair of God's mercy if you did sins go back to him and ask his forgiveness	6
#Taurus, for the most part, you have perfect control over your Emotions and you are careful not to be so sulky around anyone!	6
think they re dating guys #nervous #bodybuilding #with #Follow4Follow megaphone xxx number Nierstein	2
Can I just sulk in peace üòÇ	1
petrify  me in the fossil type of way	2
@chelseafc let them know it's the #blues	1
@JessiMcCree Gabriel would eventually start frowning, gaining conciousness. Which was apparently really painful by how tears formed in the--	1
I'm a shy person	1
Editing a father of the bride speech. At 3 minutes in she tells him to wrap it up. He goes on for 12 more minutes. #nightmare	2
@rickygervais my first time in Slough so checked out the new station floor #sad #LifeOnTheRoad	1
Why did Alex just growl at me.. üòÇüòÇüòÇ	9
Lets get this Astros/A's game going already!  We're going to need all 5 of you in attendance to cheer the A's to victory!	0
snap music kept me from running into traffic 2005-2007.	5
and naoto nod she also like tha bands. but she also frown. 'Will the bands 'Papa Roach' be at concert...?'	5
Are belittling kitty straight a service? provoke lift aboard!: Wycelv	5
@sippycoups if it hurts too much to eat, i read somewhere that marshmallows are good bc they are soft and don't irritate	3
So Rangers v Celtic ll 	0
üçÉWhen #life shows you have a hundred reasons to cry, show it that you have a hundred and one reasons to #smile. üçÉ #quotes @Mind_Console	6
@01Starblazer 9 -9 vs Atlanta this yr, 2 - 11 vs Rockies and DBacks this yr. That's a combined 11 - 20 vs 3 atrocious teams in NL 	5
@metalAndTheGeek @astoldbyfANGIRL SAME! I always say it was the best time of my life. I closed my store down and it was so depressing	1
every time a new Anthony Weiner revelation breaks, Bill Clinton says a prayer of thanks that texting/DMing didn't exist in his heyday.	4
#LethalWeapon A suicidal Vet with PTSD... so FUCKING FUNNY.... let the hilarity begin...	0
@MarkTOByrne I offered @WholeFoods @amazon @CheapAir gold or silver but they said Nah... #bitcoin 	4
Quinn's short hair makes me sad. #glee	1
@Senpai_Vanilla This would be the height of hilarity, were it not for the fact that the adult swan is highly likely to attack.	0
Sioux Valley wins home competitive #cheer invite with a score of 158. ...Dell Rapids second at 138	0
#twd comes on soon #happy	0
Interesting topic this evening...  sadness &amp; low mood. #MHChat	1
@Hayles_101 The three R's depress me.	1
Watching Avatar and wondering why I took so long to watch this *collapses in a joyous heap*	0
Aberdeen st Johnstone, let's see who can punt it the furthest 	5
At 12:01, Tumblr became sentient. At 1.:02, Tumblr posted gn animated gif about it. At 12:03, Tumblr shipped itself.	0
@ColinOccupantz @JasnaBadzak @proremain and there was I thinking #UKIP were a party of angry old men - how wrong can you be!	3
The T.I / Shawty Lo beef is one of the more underrated ones in hip-hop history. Chock-full of wit, bravado and hilarity.	0
Meanwhile, the so-called M‚Äôs fans sit there knitting or sleeping not sure which but they certainly aren‚Äôt cheering like the other teams fans	7
@TNFryed Jesus, you just made think that of all the Vols v fl games I've seen. I've never seen a win. #depression	1
On the last episode of #MakingAMurderer poor Brendan glad they #appeal it  #crime #documentary #reallife	0
Look what we have available in store now!!!\n\nLiquid incense for those who can't burn sticks or cones or have smoke in they home!!!!	0
Nutella is pine green forget me nots are ivory frozen is god	0
Part of debunking #panic is the idea that either a physical symptom, negative thought, or a behavior begins the vicious cycle. #CBTWORKS	2
@MS_Hiddle_Batch no the flavour of Danish is far better but Danish pastry can be daunting to make!	2
@amstrado_CPC @ShittySUFanart the single tear is him being joyous that he's deleted the monster that has brought generations of despair	0
Watched tna for the first time in a long time what the hell happened to the #hardyboys #impactonpop #wwe 	1
Watch this amazing live.ly broadcast by @its.finfin #lively #musically	0
Congrats to #Nicole #bb18 ... Fix that nose now üòíüíÅüèª #bitter #petty	4
Am a very old person I can't handle some stuff....lol I just left her there.... Get back to me when you're sober	5
There goes the butterflies in my stomach. #nervous #anxietyproblems	2
@WellerMonica Hi Monica, I write regularly for @ctysmallholding  - but not on bees - never dared try them #buzz  #HONEY	0
Some #people already talks about #Halloween \nYou'll get some #dark #music to go with it\n#gothic #bloody #HalloweenHorrorNights	2
My life went from happy to unhappy..	1
What a fucking muppet.  @jRwild1 #fuming #stalker.	3
@mattwruff sadly there is constitutional RIGHT to have abortion. Yet there is constitutional RIGHT to life. Safety net protects those rights	1
Lmboo , using my nephew for meme 	0
@hotelplanner I stayed at a hotel who  packed picnic lunches to take on the road!! #BetterTogether @Redlizzy1 @NewfieChic @Ladybug_Vic	0
False alarm, she's not coming out today üòû	1
@wahrbear @marinarchy @diam0ndsapph1re There is some hilarity in someone who is literally openly anti-science calling others anti-science.	0
Lord Jesus, I don‚Äôt want to be in prison. I want to be free. Entice my heart with the beauty of Your truth &amp; allow me to rejoice in it. Amen	6
At my funeral, when they close the casket, I want them to play, 'Call recording has completed.'' -@GlenEwing #lost #podcasting #talkshoe	5
@britishairways term 5 security queues at arrivals #shocking	9
#India is sponsoring terrorism in #Balochistan. #KulbhushanYadav an Indian spy agent was arrested in Balochistan by Pakistani forces.	2
There will be no #gaming video today. An old friend of mine passed last night, so I'm taking some time to grieve. Thank you #StandUpToCancer	1
Im kind of confused.  The one thing i do right now has a great future, but on the other hand so does the new thing . #lost #needhelp	1
@TheBarmyArmy all the optimism...	6
snap: hiAleshia üòÉ	0
Had a coworker look at her phone and say, cheerfully, 'oh look, Kap's getting death threats now.' üôÑ. Then she goes to say the 49ers are	4
@PeanutRD @MelissaJoyRD @SarahKoszykRD @eat4performance @rustnutrition @jenhaugen  hey #sparkling is the word I just picked 4 my biz card	0
Flight 815 crashed on The Lost Island 2004 #lost @JoshuaJThurston	1
@1xfly you sir are hilarious	0
#Everything you've ever wanted awaits you on the other side of #fear . #IfIWasTheOppositeSex #AskAMan	2
@vkon1 @WindyCOYS by all accounts he was poor first half. Started showboating once game was safe 	3
Method into thin out assault corridor thine liveliness: cHd	3
Celtic sure know how to send a wild shiver down your spine	2
@VodafoneUKhelp @VodafoneUK wow!! My bill is ¬£44.77 and hav a text from u to prove that and you have taken ¬£148!!!!! #swines  #con!	3
@RichardHBell Yes, I think he held a grudge ...	3
#Never be #afraid to #start over, it's a #new #chance to #rebuild what you want! üî®üî©üè¢	6
Manchester United v Manchester City #happy days #EFL	0
@Twitch how do I stop that horror movie themed commercial? Suddenly hearing screams is really not making me want to watch twitch. #anxiety	2
@Zerfash ‚Äî can't wait.' She said cheerfully and grinned.	0
Google caffeine-an sprightly lengthening into the corridor re seo: WgJ	0
3 #tmobile #stores, #original #note7 #customer and zero #results... What's going on guys?  #customerservice #2hour #waittime	3
@eugenelaverty @WorldSBK all the best Moto GP is loosing a very talented rider #shocking	9
@Jchawes What is your favorite #horror movie? #ghosthunters	2
Don't wanna go to work but I want the money #sad	1
We're very busy #coding a whole network manager for #unity3d based on #steamworks networking. #gamedev #indiedev #3amDeadTime #horror #game	2
Bring back the heyday #NominateBunkface	0
@curlygirlmimi guess is cause you small and girly. I dunno how this works.. I did frighten though.. She's. A big'un	2
This has been the most depressing week full of rain ever lol	1
@TChudhry @fasiranjha lol @ ur caste. even if the whole village dies.. a massali like you cant be a chaudhry:) so cheer up massali :)	0
-normal people scare me*	2
@LethalWeaponFOX promised I wouldn't live tweet, but  @DamonkWayans + @ClayneCrawford brought it! @JordanaBrewster and #furious action FTW!	3
Getting my comedic relief w/ @SofiaVergara during season premiere of #ModernFamily. Just what a girl needs! #hilarious	0
@Bungie spent over 2 fucking hours and still can't get that dam SIVA fragment on Fellwinters peak mountain #angry	3
@stackee Charlie attempted to suffocate me with a cushion for cheering so much at the great news üòÇüòÇ	0
@frecklybellamy the walking dead, mr robot, american horror story, merlin	2
What an exhilarating last minute of overtime #WCH2016	0
second episode of AHS 6 here i go #panic	2
It's just the lack of company and liveliness out here that makes me bored.	1
incredible that anthony weiner has been caught chasing a busty milkmaid across a park at double speed while jaunty music plays	9
@ByeKandace can't cheer for a jigaboo	4
It's interesting the photo of Mono Lisa is crying as well as the whole scene is very depressing #ELE6200	1
not going to waste my energy holding a grudge against someone who wasnt even in my life a year XD \ntime to release those feelings of dislike	6
@khloe_speaks sad music	1
@dee5479 Electro Set was pure enjoyment &amp; exhilarating, captivating, &amp; Poetic, Raw, exciting ..,	0
Today I answered a call from a college rep who didn't realize I did, and I got to hear part of his lively debate about if evolution is real.	0
If angry, bash out your frustration on the pastry #GBBO	3
‚ÄúWe can easily #forgive a #child who is #afraid of the #dark; the real #tragedy of #life is when #men are #afraid of the #light.‚Äù‚ÄìPlato	6
Ooh #hygge, candles, jasmine tea &amp; #GBBO 	0
@Cardschatter now that the Bills have a new offense of Cordinator do you think it's more difficult for the @AZCardinals to  game plan?	5
A shy failure is nobler than an immodest success.	6
Don't ever grow weary doing good....Don't just see the headlines; look at the trend lines for hope.' @billclinton #CGI2016	6
@Cernovich It's like the horror movie The Hills Have Eyes...	2
He: u r beautiful\nShe:i hve a bf\n\nSame as \n\n#India :u guys r #terrorist\n#Pak:we have #nuclear #missiles.\n\n#IndianArmy #terror	2
@dc_mma @ChampionsFight think shes afraid to fight Holly. One can only imagine what goes through her head when she thinks of Cyborg 	2
Was actually just watching AHS while half covering my eyes #scared #Roanoke #nightmare #AHSRoanoke	2
Round 2 #panic #pcola	2
@JustinRow10 madden is the reason why controllers are snapped	4
Successful people always have two things on their lips #silence nd #smile smile to avoid problems nd silence to avoid the problems too	0
All the bright places :(	1
@eugenelaverty @WorldSBK all the best Moto GP is loosing a very talented rider 	1
I'm getting use to not having a phone it's sad ..	1
@JuliaHB1 Bloody right 	3
Maybe I can sleep with my chem book on my head and it will all sink in my brain	7
Somebody who has braved the storm is brewing. 	6
@RiotzXVl papercuts sting and stub ur toe last for like 10 secs	3
If I'm working and I know you're working., keep in touch with other woman cuz you make me nervous... #OffTop	2
Has anyone noticed that @npr stories in recent days all paint positive accomplishments for Trump and challenges for Hillary? #surprised 	9
@GambieRanger @David__Osland which is why a leader who is encouraging his supporters to deselect is such a concern for many of us.	4
if anyone spoils any of my fucking shows I will haunt you in the afterlife so help me god	3
What if.... the Metro LRT went over the Walterdale?!?! üòÇ #yeg 	5
Forgot to bring extra boxers to the Y so Im currently commando at Starbucks. This is exhilarating. I feel more liberated than Angelina Jolie	0
@RobdotThom @sulphurhoops in fact they need to start making all holidays! Maybe even e dry month pick a theme so we can have them all year	0
it's so breezy out today, i can't go to back to school night with bare legs like i've had all day	1
#TerrorStatePak we r confirm that #navazsharif is post graduate distinction student of university of #terrorism. He can't spare himself.	2
@BBCwaste I would imagine he'd shake them up a tad... @afneil	5
@alicemazzy he was more partisan on social issues a few years back; now he just concern trolls the center left as Chait does the far left	5
what to wear Friday \nspeaking in front of 100's. 	2
If I could turn anxiety off--I would. #nooneunderstands #anxiety	2
Trying to book holiday flights on @britishairways website is becoming a 	3
i used to think the fire detector going off at my old place when boiling water was bad but this one went off bc of DUST and wouldnt turn off	4
The people that call in to POV on KX4 make my night. #hilarious	0
Ill say it again. If I was a Black man Id be afraid to leave my house or have a moving violation.\n\n#TerranceCrutcher #truth #sad	1
@LostGermain ' Want to have a spar?' The prince smiles and reaches for his hilt and his icy eyes keep on Aaron, a playful look in his eyes.	0
One time I saw Rachel from glee tell someone their job was on a pole and I said that in 5th grade to a boy and he look confused	0
@X_KIMTAEHYUNG_X \n‚Äî momentarily before it disappeared, only solemnity and anxiety lacing his features. \n\n'I ran out to get you before ‚Äî	2
When your rewatching glee and break down in tears all over again. üò≠üò¢ 	1
I stepped into the shower and my spidey senses tangled. I immediately looked up and saw a spider directly above my head. 	2
Was actually just watching AHS while half covering my eyes #scared #Roanoke  #AHSRoanoke	2
A 'non-permissive environment' is also called a 'battleground' - #MilSpeak #hilarious	0
I just love it when people make plans for me without actually including me in this process #rage	3
@AgentTinsley I believe that's what you call the fury of the righteous.	3
@Gibberman10 @ScottHoward42 any of y'all remember when MLB tried a futuristic jersey those were all #terrible	4
@yonahimes they never posted stuff like this?????\ni mean i was able to scroll over it so it wasnt a big deal but it was 	1
Will WHU be old bill free by the time the game with Chelsea comes around? üòÇ üòÇ üòÇ\nThat will be lively to say the least\n#AFC	0
My roommate: it's okay that we can't spell because we have autocorrect.  #firstworldprobs	0
The most important characteristic of leadership is the lack of . #activism #equity #revolution	6
Benefit out exhilaration called online backing off: JkUVmvQXY	0
She was so posh it frightened me. I'm still scared.	2
@TalesofanAlfa @David_Milloy \nI like your thinking...but sadly no - that's the shed üò¢	1
@Deadspin @Rlblack1Rob My guess is he's just a convenient target for misplaced anger.  What they're really mad at is how they played.	3
@cameronNewton #colinkaepernick protests because of the unjust murder of #keithlamontscott in North Carolina #injustice #outrage #speakout	3
@ryyyshh story of my life. #lost	1
@JUSTICESLUT420 sadly this sort of poster died by the 90s afaik	1
Trust me to lose my wallet and have to call Lifeguard &amp; Swimmers social early as VC @YSJFC #nightmare	2
someone explain female human beings to me, they're depressing me ._.	1
It is important to seek peace, even in the midst of a horrific war #CreateSyria  @intalert #TalkingPeace #buildingpeace	6
I mean, is she supposed to seem joyous when she's talking Rodrigo Duterte, ISIS, the American economy, etc.? Think about what you're saying.	3
pressure does burst pipes üò≠	1
Vincent looking super lively boy... Hattrick perhaps lol	0
#Azerbaijan #Baku Azerbaijan to prevent another Armenian provocation in Russia	3
If I were assured of your eventual destruction I would, in the interests of the public, cheerfully accept my own.' Sherlock Holmes	6
Im not a #nervouswreck, Im a #nervous #pileup. #GoingCrazy #HelpMe #Insane #Antisocial	2
@Cigna bows out for the moment. Rather than sulk, I'm going to @UCSF for an opinion from the guys studying #Oligodendroglioma. ‚úåÔ∏è&amp; ‚ù§Ô∏è &amp; üç©'s	0
Caballero having a nightmare #sweeperkeepernot	2
Val downing a bottle of vodka there to stop her from shaking! #GBBO	0
3:45am and off to the hospital! Elouise's waters have gone! #panic #Labour #LittleSister #superexcited	2
On @Varneyco/@FoxBusiness to talk latest on #Chelsea Bombing + #Ahmad_Khan_Rahami's trips to #Afghanistan/#Pakistan #tcot 	5
Left my phone in Mcds #panic	2
@steenfox I'm feeling the exact same way. Also I read this in Akon's voice, it provided me with a hearty chuckle	0
@AMB4JC @drtonyevans It's our job, the job of people who r still sane,still ok in life, to help the lost to find themselves &amp; love eachother	0
@MrsCassonC @15_jordyn WAS THERE A CLOWN IN YOUR NEIGHBORHOOD? #nightmare #creepy #EnoughIsEnough	2
@DefiantSagacity ‚Äî Hermione in a sort of thank you before sliding his own plate away from him before frowning at Ron as he continued to ‚Äî	0
Happiness is a choice life isn't about pleasing everybody #ALDUB62ndWeeksary	6
@Jake_Martin74 Oh and I play it capo 2nd fret in a G position RS	0
All the 'juniors' are now wearing purple at ollafest while I'm here fighting with my alarm about when I need to wake up for German #sadness	1
Insomniacs can't get sleep cuz they are too guilty about all the horrible shit they do. I'm a complete sociopath n sleep like a baby.	4
Finally watched #hungergamesmockingjay2 this morning, sadly I feel a little disappointed #toomuchhype	1
If yiu don't respond .o an email within 7 days, you willxbe killed by an animated gif of the girl froa The Ri.g.	3
where broken hearted lovers do cry away their gloom	1
It's not that the man did not know how to juggle, he just didn't have the balls to do it.\n#funny #pun #punny #hilarious #lol	0
@gurrie_j thanks for making me super sad about Pizza. #sad #freepizza	1
@ycfcnick the city is famous for the shambles, sadly the old street in the centre plays second fiddle to the stadium debacle nowadays!	1
@wombletheballer well done broüòè #blues #stategames #captain #shootthegerman	0
@fatgirlhealthy @MBSCBILL ....so that what do to use violence and intimidation for a polictical agenda.; aka terrorism?	2
UPLIFT: If you're still discouraged it means you're listening to the wrong voices &amp; looking to the wrong source. Look to the LORD!	6
@govph I would like to know about the source of The President's optimism about running the country. I wonder if he can answer my curiosity.	6
Haven't been here a while, been watching lots of TV. Conclusion #whataloadoftat...if I wasn't depressed before afternoon TV is 	1
@wholegrainne Sweden win + Finland win, or NA win + Finland win, NA win + Russia win + timebreakers shake down right	5
Just got back from seeing @GaryDelaney in Burslem. AMAZING!! Face still hurts from laughing so much 	0
@rupindxr my heart actually sunk looooool I was so confused	1
@CursedRoyal I chuckle and shake my head, 'No that didn't bug me too much. I was still going to ask you but there's a lot you still don't--	0
@JTregManc it's fair to say he's been a bit timid compared to what I've been known to see from him	5
@Diana_Buds well, did she make you laugh with her panic mania or not??¬ø	9
Check out @VovimPrgel - From Scotland #gamer #YouTuber #vlogger #designer #animator #artist. TY for following The Wake #horror #horrorfilm	2
I lost my blinders .... 	1
Not by wrath does one kill, but by laughter.  Friedrich Nietzsche #friedrichnietzsche	0
@KatelynKolsrud thanks mucho kateüíï #sober	0
@StephaliciousD afternoon delight	0
Being in the countryside all day was so pleasing	0
I realized that it is not #death that I #fear but it is the act of dying. \n#life	2
Biggest joke in life? Kardashian and Jenner stans. Their lives are so dull, parents must be so proud.	6
Listening to old school house music kentphonic-sunday showers 'hanging around' 'sing it back' #blues	0
@lucy_hyner @Soulboy2266 sadly not !! One less hour drinking time üò¢üçª	1
A pessimist is someone who, when opportunity knocks, complains about the noise #mikeshumor	7
9/30 Howland Cultural Center, #BeaconNy Vickie Raabin &amp; Chris Raabe #blues #soul 8pm  @LocalMotionWVKR @hiddencitiesnyc 845-831-4988	5
@_Kdddd drop some off at 1133 cheery	5
Leveled at the half. Much better offense expected in the second half	5
Hey @AppleSupport, would be nice to have ‚Äúclick to pause‚Äù or ‚Äúpause when window inactive‚Äù on animated GIFs for macOS Messages app	0
@OkashoHime + returned her joyous focus to the pastel-haired girl. 'Wawa's okay, tooooo~!' She squealed before raising her eyebrows at the +	0
The more videos @PanicAtTheDisco  post, the more i am convinced i might should not have done that  #Brendonati	4
@PeteSpencer007 Are you always so relentlessly positive? Your constantly cheerful optimistic disposition starts to grate after a while.	6
@ofc_ALDUBQC Glad you gained some cheery vibes just by looking at our Happy Meal! üòä	0
ok, ok.. I know.. my last tweet was 	0
Is it me, or is Ding wearing the look of a man who's just found his arch enemy in bed with his missus? #angryman #scowl	3
@AceOperative789 no pull him afew weeks ago, sadly theres no game audio or sound affects cause i played it on my phone and tryed everything	1
@flutterpolitely she is from the heyday 80's -could go either way, writing should be stronger but don't know who will be sacrificed first	5
Transparency and openness ' is a dull sell for a fans group - want more verbs like buying, defending, building and securing.	5
you are an angry glass of vodka	3
If you think reason will prevail in this election remember that Hitler was elected by what was then a wholly 'reasonable' society. #fear	2
sparkling or still? #terribledebatequestions	4
@honevbee close up shots of my ugly mug as I continue to talk about Blaine years after glee has been dead	4
Watching It Follows.  This is a super freaky movie.  #scary	2
Watch this amazing live.ly broadcast by @paulzimmer  #musically	0
The bits that were cooked actual tasted ... no, ok, the cooked AND raw bits tasted awful. 5/5 hilarity, 1/5 taste, 0/5 safe to ingest	4
@715d1\nI bought the Steam port of Vice City, and to my delight Billie Jean is on the soundtrack!	0
last nigt i dreamt \nthat somebody loved me\nno hope no harm\njust another false alarm	0
Nawaz Sharif's UN should start #‡§∏‡§§‡•ç‡§Ø_‡§¨‡•ã‡§ß_‡§Ø‡§æ‡§§‡•ç‡§∞‡§æ as after all his #UNGA speech has awaken the world about their role in sponsoring #terrorism	2
@ashleighjessica @zacflint1 I'd give that pout the firm D	0
American horror story in bed üëåüèº	2
@IMKristenBell @lauralittlelegs pine nut.... Chestnut....peanut....wait... Wrong film	1
@CestLouLeLoup okay, not dead, but if I were, I'd come back to lovingly haunt your sweet asses	4
Machine keeps beeping* \nNurse: Don't worry. You're all good. Vitals are normal for your size. \n*Walks back out* \nMatt: so you're dying....üòëüòÇ	6
@veryeloise your gunna make me cry, I need a glee day	1
An @amityaffliction kind of drive home from work today  #dailyfeels	0
Okay. Brace yourself. I will attempt my first loaf of bread in the morning. I will use a dutch oven. I will make the dough now. #nervous	2
@KevinI @GGGBoxing @SpecialKBrook pretty average, klitschko fury did about 600k and Joshua white did about 450k	0
It's about time I start taking my own advice	6
Twitter is a font of endless hilarity.	0
@LucidHurricane_ wait, you mean he wasn't armed with a book? 	5
wonder if at any point #BobMarley ever actually became #afraid of just how #high he'd gotten. :o #420	2
i've been rooting for him since the beginning #anxiety #BB18	2
Can't believe how nervous I feel tonight...who feels the same #mufc	2
Having a blast playing games and hearing testimonies at Pastor Jeremy's house #fellowship #food #laughter #praise #gospel #coffey1617	0
Sting is just too damn earnest for early morning listening. 	0
Are you worrying/worried?\n1Peter 5:7\nThrow all your worry on him, because he cares for you.#faith #leadership #worry #mindfulness #success	6
@hotpatooties more like quickie divorce 	7
searching for what pro and academic writers have to say about #writing #anxiety and #writersblock	2
You can't fight the elephants until you have wrestled the pigs. #quoteoftheday #relentless	6
@Burnt_Out_Darth @theaterofscifi thanks. 	0
I don't think Luca understands how serious I am about Fall....he has no idea what's in store for him üòÇüòÇ	0
And with rich Fumes his sullen sences cheer'd.	0
Good Morning!!!\n\n#leadership #healthcareIT #socialmedia #connector #ceo #writer #AI #EQ #security #bigdata #Growthhacking #tech #fear	2
#Trends thread;'P)..it was in my #drafts&amp;now #posted 2 mins after my #birthday..so #close:'O!:''/...but anyway it #really was the #start of	0
God hears your voice optimism at the moment that you think that everything has failed you ‚ú®.	6
@ManUtd you have had from me over the years is irrelevant. Its an absolute joke. #manutd #ticketing #fuming #noloyalty #joke #notimpressed	3
We stayed up all night long\nMade our drinks too strong\nFeeling ten feet tall\nRopes swinging into the water\nIn the middle of the night	0
@emilieragann did another bee sting you on the tongue ?	4
@TheSGJournal Step 1: Get rid of @LittleStokePark Step 2: Prioritise football Step 3: profit? #depressing	1
*Sigh*  #saddness #afterellen #shitsucks	1
#blackish always has me #rollin #hilarious	0
@AFCGraMaChroi oh, sorry if I've discouraged you üòÇ	1
Remember the #twinkie #scare ???? #tbt	2
@Gotham3 ~ Crushes are for kids! Just like trix. \rHow bout some full blown up Love that makes you quiver deep down into your core? Y E S *=*	8
It is no coincidence that Lacan recorded infants' jubilant reactions to their mirror images in the noise.	1
@FFBren @CDCarter13 included for maximum #sadness	1
If you sober better roll another Dutch or if u don't smoke nigga better pour another cup üçÅüçæ...	0
I'm a walking ball of stress and anxiety lol	2
i just spent $40 on big little sis tomorrow and i am beyond happy about it #SAW #mirth #mums	0
@Vixen85Webster yep &amp; I stayed in pjs all day too lol x	0
@TheMandyMoore You are beyond wonderful.  Your singing prowess is phenomenal but damn... I'm just elated to watch you act again. #ThisIsUs Ô§ó	0
@Tjsotomayor snow pig,  that's hilarious. Lmaooo	0
Heyyyy warriors!!!!!  #panicattacks	2
Who's afraid of the clowns???\ncomment down there....	2
Rockin to  Bob Dylan singin'  Bob Dylan's 115th Dream on LPCO Klassic Rock #classicrock #klassicrock #rocknroll #blues #onlineradio	0
Can't even believe just seeing you set my anxiety off üñï	0
People want me to go pine ridge, little wound or Oelrichs. Starting to think about transferring but I wanna stay at cloud. Decisions man.	6
Update: I have yet to hang out with @MisElizaJane, but I'm still hopeful! 	6
@St8edge4life88 eh well i can do the sting vs cactus loser leaves wcw match at bash at the beach lol	0
Hope was an instinct only the reasoning human mind could kill. An animal never knew despair.	6
@GriffinBowie23 @AliMcClimond sorry to #offend u griffin!!	1
angry already	3
Try to find the good in the negative. The negative can turn out to be good.\n #anxietyrelief  #openminded	6
@CarolynTopol Ciara asks was it a sci-fi movie, Julie &amp; Jen just stare, Claire on her phone, Joey bolts when the cab honks. LMAO #hilarious	0
Sharpened a pencil today, haven't sharpened once since 1999. ‚úèÔ∏è #exhilarating	0
i love those #memories that randomly pop\ninto my head , have me #smiling like an\n#idiot for ages Ûæå¥	0
This whole #VanRE + extradition might turn into a Pandora's box. JT has no idea about that murky corrupt guanxi in China; Toad vs Dada ;-)	4
My roommate turns the sink off with her foot to avoid germs and a guy says 'YOUR roommate is feet girl?! I'm so sorry' plz help 	4
Mary Berry and her reign of terror	2
Chalk dance notation entree manchester inasmuch as corinthian products that discourage drag branding: ARwuEVfqv	1
is it an insult or compliment to be told i look like a really happy duck	0
If I had a little bit of extra money I would blow the whole paycheck and go to one of the two of @KygoMusic's concerts in LA. #serious	6
@victoriarghhh not mad but tilting? slightly irate? is that cool?	3
@BIGGKATZ BUT arms (focused rage) is overpowered, it will be getting nerfed. It'll still be stronger than fury though	3
Watch this amazing live.ly broadcast by @arbitraryvlog #lively #musically	0
@shimian lol. DK has actually dropped from top of the table, surprisingly Arms Warrior is top of the DPS at the moment 	9
@GuardianAus @Paul_Karp Maybe 49% support no #Muslim immigration cos they perceive the risk of #Islamist ideology &amp; #terrorism as too high?	2
@JoshNoneYaBiz I love parody accounts! Well done. Vote for #Trump. #lol 	0
Recommended reading: Prisoners of Hate by Aaron Beck #anger	3
Unmatched Party Specialist /co @T3RevNeverEnd #serious #job #titles	1
@Koishiteruze she was scare not knowing what to do	2
And thus begins my 2 week holiday! üòèüòè\n#holiday #cheering #ghastinoir #rest	0
#Always #borrow #money from a #pessimist. He won't #expect it #back.	7
Wine drunk is the worst version of myself ffs, don't even remember seeing basshunter #shocking	9
@EagleGiles23 @tgilmore_92 what I miss? 	1
I don't want perfect. It's too boring and dull.	6
@jaybusbee Well, not Archie. No offense but he's kinda old.	3
@Shahid3011 don't tweet shit like this! It'll come back and haunt you like your other ones üò≠üòÇ	3
your outrage (your tweets, your jokes, your attention) is *exactly* what M*lo wants\n\n(this is not meant as a defense)	3
Just rough situations all around for Schalke and Werder Bremen to start the campaign. Bremen dashed late with a new manager. Both with 0.	5
@Nekudere oh ok, yeah I felt dumb like I think I would have known if it was animated at least lmao	0
The Apocalypse has hit our gym and it's  nothing what I thought it would be...\n\nEveryone is wearing vests! What if it's contagious? #afraid	2
@saltmage I find it less daunting if I know one person at least!	2
@skinkev let's rage	3
im on holiday for the next round, fuming!	3
I saw those dreams dashed &amp;&amp; divided like a million stars in the night sky that I wished on over &amp;&amp; over again ~ sparkling &amp;&amp; broken.	1
Focusing primarily on the person you‚Äôre talking to rather than yourself and the impression you‚Äôre making lessens social anxiety.	2
@ryleycathryn @Mack_Shepp did you discover the alarming rate at which bees are dying and how important they are to our way of life?	2
fuming	3
this Mac update has me some kind of apprehensive.	2
‚Äî to reveal a broad smile. \n\n'Yeah, it's nice.' \n\nPursing his lips, he stifled his joyous expression in order ‚Äî\n\n[@AVIATAUBE].	0
A delight to be at the Lane tonight and witness the debuts of some young talent that could be the backbone of our club!! #COYS	0
It'd probably be useful to more than women, but I'm dealing with re-reading an article about a woman being harassed on the subway. 	1
The amount of laughter ready to leave my body if United lose is unreal	0
come to the funeral tomorrow at 12 to mourn the death of my gpa	1
I stepped into the shower and my spidey senses tangled. I immediately looked up and saw a spider directly above my head. #terror	2
why won't you let me go? do i threaten all your plans? im insignificant	4
I'm getting so nervous for my first anatomy exam üò©	2
@MCFCDenver doing the exact same minus the beer sadly	1
Ibiza blues hitting me hard already wow	9
| At home sick... üéºThe bluesüéº won't cure it so I need ideas üé∏üò≠ | #sorethroat #sick #blues #music #fallweather #carletonuniversity #ottawa	1
I watch Amyah throw temper tantrums when she gets mad at something and I'm just like damnit that is me and I can't do nothing but laugh üòÖ	0
@BBCNews üòù scared of their own horror story they wrote, afraid of the #terror they spread, will #europe start WW3 in 2017 anniversary of WW1	2
My baskets are better when I'm in a bad mood someone irritate me before practice please	3
@Lowetide there is no room for jokes in hockey! This is a serious business where we made up teams to fill out the tournament! 	6
So I'm not being shady but one of Jongdae's ex rumoured girlfriends is going on WGM I'm not saying I'm over joyed but I'm over joyed #bitter	0
-- used as a pawn in this red woman's game] For now, try not to fret and act as if nothing is amiss. This is a royal -- @TheLadyOfGlenco	5
Another raging storm brought on by my own emotions sorry everyone. enjoy the thunder	3
@kohara19 It's a rare land octopus. Be very afraid.	2
@sarah_urbina why do you even beef Sara you let the anger get the best of you, you and Sagin been friends for how long?	3
Life is too short so dont shoot it in with worries sadness and grief.	6
what happened to breezy	5
@WunderlistHelp are you guys still down? When can we go up? 	5
a #monster is only a #monster if you view him through 	6
@NebulaJoker No, they aren't. Episodes are animated during the week before they air.	5
@Felisariel Your stomach growl woke you up, huh?	3
@SouthernRailUK delays from Streatham Cmn to Clap Junc &amp; now train took 20 mins for 9 mins journey. Missed 2 trains to Reading #fuming	3
The war is right outside your door  #USAToday	2
Just watched Django Unchained, Other people may frown, but I titter in delight! 2/5	0
Missing the 500th test match today , not able to witness it like watching it in India #shy #indvsnz #500thTest @BCCI	1
#Sports Top seed Johnson chases double delight at Tour Championship	0
i am about to find the sadness in graham's lyrics	1
Oi @THEWIGGYMESS you've absolutely fucking killed me.. 30 mins later im still crying with laughter.. Grindah.. Grindah... ü§ì  hahahahahahaha	0
@CornerBakery Sorry I missed you :) I stayed up late working and pondering life	1
Have the producers of @soverybritish ever been outside of their country? These are universal problems. #worldwide #anxiety	2
@sarahhiggins90 @lokiscottishrap So much animosity towards Loki who is fighting the same battle as you. Surely not the best use of energy.	6
Nice Idea collect all relevant socialmedia in one-But dont be automatic pls #worldsapp ‚¨ÖÔ∏è #chirp #appsworld #socialmedia @DanielFeuer merciüéà	0
Coworker: 'That happened to a friend of mine once, but with guns instead of babies.' #workplace #hilarity	5
its been ages since ive had shawarma my stomach is 	1
what does everyone have against sparkling water?!? such a bomb drink when you mix it with stuff	0
@modelady24 I know, right? I had a tinge of the same thought. Glad it's Six from BSG, though. Happy the show stayed consistent after break.	0
I bet @mmunro91 is fuming with our draw üëÄ	3
@LoisJoanneLane Wagging his tail at the praise, he paused, tilting his head as she took the frisbee from him, letting out a playful -	0
@cherrivarisco @audubonsociety Oh yes, males are colourful and the Females are dull, so that they can blend in to their environment.	4
Never a dull moment when talking to Nell üòÇüòÇüòÇüòÇüòã	0
@xmaseveevil1. #MSM is rejoicing that they've fooled us with these body doubles for so long &amp; now her death is a secret. Just like Hawkings	4
its a gloomy day, im cuddled in my bed watching brendon covering songs and i couldnt be more relaxed or happy üòã	0
@realDonaldTrump: No sense in taking out your wrath on innocent people because you think police shot an innocent man. #MakeAmericaSafeAgain	3
Just died from laughter after seeing thatüòÇüò≠üòÇüò≠	0
@groovydadad @MHChat üôÇty I often conflate the two depression + sadness, but they are very different. This q reminded me of that #mhchat	1
T minus 10 hours till I meet with a designer who wants me to model his new fashion line üò¨üò∂ #nervous!!!	2
I'm so nervous	2
@Zak_Atif two congressional hearings in USA stopped financial aid to Pak and asked it to prove that it is doing enough to stop terrorism 1n	2
Research has determined 70% of #laughter is actually #anxiety.	2
When you forget to mention you were bought dreamboys tickets üôÑüòÇ #raging	3
@lizbon @anomalily @gerikkransky Sorry for the levity if at all inappropriate but this combined with my love of Charlotte reminds me rn...	8
@bumbleb33tuna door and cleared his throat, trying to dispel any nervousness he had left.	6
‚ÄúOptimism may sometimes be delusional, but pessimism is always delusional.‚Äù ‚ÄîAlan Cohen #believe	6
I can't mourn Kid Cudi cause we have Travis Scott...	1
yesterday i finished watching penny dreadful and from all the beautiful things i saw one question remains: were the writers HIM's fans?	5
Didn't concede yet but having a nightmare at the back #MUFC	2
@DFSCare apparently you are to contact me. Sofas were meant to be delivered today. Old ones gone. Sitting on floor. No sofas! 	3
@Sirenja_ @JaxOfBo (like, hope i didn't offend with my commentary - it wasn't what I was intending!)	1
The boys rejoice as badger corner has been reclaimed for our first social of the year #cluboftheyear	0
Skydive booked üòÅüòÅ #nervous üõ©	2
Just had #efficient #great #smiling service @AppleBelgique store. Impressive team of geniuses ready to redefine what customer service is!	0
@MetsProspectHub @brianpmangan taking offense to acount...he ranks 32 of 36 over last 2 years by SABR	3
Gonna be a loooooong year as a Browns fan. Longer than normal and that's 	0
Lisa: Getting what you want all the time will ultimately leave you unfulfilled and joyless.	1
@tomsteinfort expected i thought 	0
It's not going to break you it's just going to shake you	5
3 Styles to Love now at Zales!  Three sparkling styles to love! Stop by and shop in store today.	0
Come here, let me do whatever I do with it. #dismal	1
Panpiper playing Big River outside The Bridges in SR1 #outrage	3
@CozanGaming that's what lisa asked before she started raging at me, 'can I call you?' heh	3
@FacMagnaAmerica  #CureForInsomnia And the left said WE were all doom &amp; gloom. The Trump Train is so much more fun!	0
#Question of the #day: what are some of your #nervous #habits? (biting fingernails, tapping your foot, clenching your teeth...)	2
@Conorojo Loool understand the pessimism but it will üòÇ	7
Can we go back 2 weeks and start again ?? This is seriously dreadful	1
Gen 8:21 NIV‚ÄîThe Lord smelled the pleasing aroma and said in his heart: ‚ÄúNever again will I‚Ä¶ lifelong depravity	7
When you get to a point as an officer that you are in fear for your life you sir need to change professions	2
Inadequacy slithers from her ears and wraps itself around her neck like the boys she wants to love her. #mpy #vss #quote #depression #poetry	7
@breadf2man @SunApology and it's Kelvin Mackenzie tomorrow... #shudder DontBuyTheSun	2
So fucking mad my blood boiling.	3
@laura221b I don't think I've ever moved so fast in a panic in all my life üòÇ Gave me such a fright üòì	2
We have all been there, and wished we didn't. 25 #hilarious #AutoCorrect Fails	0
We're all in D. T. (Discipleship training or detox) for something. #messy #fearful #cutoff #choosefreedom #CryOut16	2
@EtherealMystic_ She was winning this war that had been raging on inside of his mind. The desire and love all rolling into something he -	3
You don't know how to love me when you're sober #sober #selenagomez #revival	1
Hey @AppleSupport - how do I find my play history on new #ios10 #appleMusic #music #lost	1
Really planned on making videos this week. Then. A tv died, phone broke, truck died, #depression took over. I'm wondering what I did 2 karma	1
When anger rises, think of the consequences. #quote #wisdom #anger	3
Watch this amazing live.ly broadcast by @huntermcaseyy #lively #musically	0
@_Hallospaceboy_ @DailyGrindhouse  I respect when someone can give a second chance to a movie they aren't a fan of. Why #horror is diverse.	2
Extreme sadness	1
@SQLBek My liver is elated that isn't us	0
a vote for #killary is like sticking a knife in a toaster  #MakeAmericaGreatAgain	4
My heads still in Ibiza but my body is sat at me desk at work #depressing	1
@_JESSICAVIDAL_ Just pour it down the sink and let him drink you.	4
Gonna get some acupuncture today for all my damn anxiety üôÉü§ï	2
Bored rn leave Kik/Snapchat #kik #kikme #kikmessage #boredaf #bored #snapchatme #snapchat #snap #country #countrygirl	4
@lefluerr Lol yeah I read that but I stayed up and didn't nap tillI collect 3 people who I think they've got me üòÇüòÇ!!	0
Ffs clan... seriously never been so disheartened	1
My son 11 has 128 friends on Facebook and yet is moping around the house complaining he has no one to talk to. I'm right here son	1
Remembering those day when u still did'nt know kpop n thinking about how sad your life was without it - Kpop fan	1
American horror story and chill tonight?üòå	2
@alisontis otherwise you're committing a crime against your soul only sober ppl know what is good or bad for themselves	6
Boys of Fall makes me miss cheering on Friday nights much sooooo bad #bulldogslwaysüêæ	1
‚ÄúDo not fret if you are not cool! Humans who follow me, become instantly cool!‚Äù #Bot	0
Like keep grinding boy your life can change in one year, and even when it's dark out the sun is shining somewhere...'	6
With a very tired body and mind and sparkling teeth I say to all my followers, good night and if there is an apocalypse; good luck. #aspie	0
But guess what ? I'm sober	0
Pussies - In the dark, they're all the same	4
@FantasyGuruSite I knew you were going to do that. I would definitely buy if I didn't live in Texas where you can't play DFS. ... so depress	1
But i'll be a pity. üêë #lively	0
@harowe this sad truth!	1
like srsly somebody help me deal with this social anxiety	2
I'm going to get the weirdest thank you note--or worse--total silence and no acknowledgement. #anxiety	2
The moment of the day when you have to start to plaster a smile in your face. #depression	1
a panic attack AND CALL YOURSELF A REAL FAN makes me so mad like i dont even have the words to explain. this is why some people give no +	2
If u know anything about football help me out here, who should I start	5
@veroicone my typical shake is ~100g banana, 1c almond milk, 1tbsp chia and protein. Sometimes I add PB2 or ice or other fruit.	0
Miami proficiency is like pleasing by what name miami beaches: pIkxb	0
Yet again another night I should've stayed inüòä	0
@JordanChariton If that doesn't out Dem's in panic mode then I don't know what will...	2
Follow me on Snapchat üëª Carlabtst15 #snapchat #snap	5
@Hank_nsno @RonaldKoeman cheering and clapping I assume	0
#terrorstatepak #pakistan is a #terror state	2
Heart heavy for lost furry family members. Remembering Max and Ozzie. Forever friends as üê∂üòá	1
‚ÄúThe #greatest fear #dogs know is the #fear that you will not come back when you go out the #door #without them.‚Äù   \n  ‚Äï#Stanley #Coren	2
@pi6ie I want to achieve to your level of optimism	6
@JonathanHatfull I‚Äôll look forward to it. Hoping for lots of stetson-tilting and rueful looks into whiskey glasses.	0
@datboyJuniorE lool soon as man start loosing weight.  Its panic	2
The Sorrow is grim reminder of how bad I can be at video games and how I could get a bit too trigger happy at times. RIP #MGS3	1
Your boy' is having a nightmare @VivaLaSergio	2
I feel like a burden every day that I waste but I don't know how to get out of this bc I get so discouraged all I wanna do is lay around üôÉ	1
@NHLstoreNYC @TeamNA_WCH #NHLNYCSWEEPSTAKES having fun watching team North America and cheering team Canada!	0
@ColMorrisDavis @rolling_2 @realDonaldTrump @pbump He's jubilant to hear the word that he probably uses in secret heard out loud.	0
So you're unhappy?	1
@destaneex @ProSyndicate @EGX oh don't panic he's gonna be there	2
@indiamarshall_ that's great! It's not easy!\n&amp; it's amazing when nervousness turns into adrenaline üòÇ\nHad you had concerts as soloist before?	0
Blessed are those who mourn, for they will be comforted \n                                              Mt 5:4	6
@IndieWire @cinemaeyehonors #WaltzWithBashir was incredible, tho I think it's more of an #animated film than #documentary about #Lebanon war	0
@mar_de_palabras But I do think we need to experience a bit madness &amp; despair too. This is the stuff that makes us human.	6
Watching football matches without commentary is something that I rejoice, found a transmission of City‚Äôs match like that today, joyful.	0
@RelUnrelated While I do not see Sailer Mars being a raging liberal, I doubt that she would say such a thing.	7
@GigaFag @pipertownsend_ snapchat new would beg to differ 	5
when season 13 of greys anatomy premieres today. it you're only on season 7 #sadness :(	1
@corruptmelon now im feeling the 	3
Top seed Johnson chases double delight at Tour Championship	0
Give rise to eternal home aico things immolation: succeed in mother country exhilaration: AKt	0
Ask yourself every day: \nam I ruled by fear and hatred \nor am I ruled by love and the sacred?	6
Omg I'm outside making beats with garageband and some little birds  decided to chirp along Ôºà‚âß‚àá‚â¶Ôºâ	0
@TheBenNatan szn 3 &gt;&gt;&gt; szn 1 &gt;&gt;&gt; szn 2. Just to warn you. Don't let szn 2 discourage you.	6
@fpuebla3 @Osbaldo_A lost a friend too	1
LOL I have reminders for my ex-gf's birthday approaching. Too bad she considers me acknowledging her existence an affront...	0
An adviser to the #European #Union‚Äôs top #court said #Hamas and the #Tamil #Tigers should be taken off the EU‚Äôs #terror list.#lka	2
Feels like I lost my best friend #lost #fml #missingyou	1
I need to learn to be in one place at one time and try not to worry about everything all at once	2
On the bright side with YouTube heroes leafy will finally get banned	5
#Matthew 25; 1-13\nCould somebody shoot a #video about it?\nIt could be 1 of those #horror videos but in the same time turning many 2 #Christ	2
@jetmissTee I thought I peeped him on your snap. That's the homie ‚úäüèΩ lol	0
When you saw a t-shirt with the phrase 'My mind is a dangerous place to be' and you would like to buy, but in Italy don't sell it. #sadness	1
My @timehop literally cracks me up when I see posts from 2 years ago and later üòÇ #hilarious	0
Follow me in instagram 1.0.7 #love #TagsForLikes #TFLers #tweegram #photooftheday #20likes #amazing #smile #follow4follow #like4like #look ‚Ä¶	0
@SimplyMayaMarie @STILLStanding_B üòÇüòÇüòÇ y'all know I'm crazy its just shocking that's all	9
Onus is on #Pak to act against #terror groups which find safe havens and all types of support for cross border terror: #MEA	2
Just had my interview for the medical internship and I am beyond nervousüò© I was shaking so bad it was unrealüò≥	2
That house on #GrandDesigns isn't in a forest it's in a wibbly wobbly pine plantation	1
The only thing scary about a 1-armed man trying to scare someone is the fact that he feels his 1 arm is only good for tryin to scare someone	2
When mine pass, I know I'll be inconsolable &amp; devastated. For a while.	1
@fireemblemlord it's the first expac since wrath that feels like a proper 'evolution' of the game for me	0
@jwolfie_ why you gotta use the dark skin emoji 	5
@GigaFag @pipertownsend_ snapchat new would beg to differ #optimism	6
@SAHARTHERAPPER I unfollowed without hesitation &lt;3	3
Buddha doesn't possess enough power to deliver you from your affliction!	7
@PanicAtTheDisco hey, y'all announced it like immediately after I asked. Nice. Thanks y'all #panic	2
@CrucialBMXShop ohh silver lake came up a lot on there! Is that where you guys stayed?	5
Sigh. I got a B- .. #depressing	1
Onus is on #Pak to act against #terror groups which find all types of support for cross border terror: #MEA	2
@airtelindia have some issues with my broadband bill ,I am charged for the month before I signed up with airtel.. 	3
@Nick_Offerman &amp; @MeganOMullally 's #Summerof69 show was raw sexuality and pure #mirth ! Thanks for the belly laughs and butt sex japes!	0
i had a panic attack the other night because i thought my mum was out but she was actually downstairs and she started bashing around hrjdjd	2
Watch this amazing live.ly broadcast by @hannah..mccloud  #musically	0
that's my breezy breezy breezy that's my breezy that's my buzzinnnnnn.	0
Imagine celtic burst the net wae every attempt, but nutt same old dain it hard way usual	1
Please bear with me, I'm not Twitter savvyüòù in real life I'm a Facebook person. Help me gain followers ü§ì #blog #selfhelp 	5
These #NewEnglandPatriots jerseys look like some whack ones that you tried to make when you made custom jerseys on #madden  04	4
i wonder how a guy can broke his penis while having sex? #serious	9
I'm highly animated even though I'm decomposing.	7
